timestamp,advNo,classify,tradeType,advStatus,priceType,priceFloatingRatio,rateFloatingRatio,currencyRate,price,initAmount,surplusAmount,tradableQuantity,amountAfterEditing,maxSingleTransAmount,minSingleTransAmount,buyerKycLimit,buyerRegDaysLimit,buyerBtcPositionLimit,payTimeLimit,tradeMethods,takerAdditionalKycRequired,isTradable,dynamicMaxSingleTransAmount,minSingleTransQuantity,maxSingleTransQuantity,dynamicMaxSingleTransQuantity,commissionRate,tradeMethodCommissionRates,isSafePayment,userNo,monthOrderCount,monthFinishRate,positiveRate,userType,userGrade,userIdentity,badges,isBlocked,activeTimeInSecond
1729740009,12682470122455805952,mass,SELL,,,0.0,0.0,0.0,10.15,0.0,100.2,100.0,0.0,1015.0,1014.0,,0,,15.0,BANK:BANK|BANK:BANK,0,True,1015.0,99.9,100.0,100.0,0.002,,False,s119d2ad0531039178ad9154f08893957,16,0.942,1.0,user,2,,,False,19700.0
1729740009,12672432874557190144,mass,SELL,,,0.0,0.0,0.0,10.2,0.0,3050.0,3043.91,0.0,101.0,100.0,,0,,15.0,BancoDeCredito:BancoDeCredito,0,True,101.0,9.8,9.9,9.9,0.002,,False,se60008e3a68b3f3382c8d486dafe29df,14,0.875,1.0,user,2,,,False,9648.0
1729740009,12676297578893492224,mass,SELL,,,0.0,0.0,0.0,10.4,0.0,100.0,99.8,0.0,101.0,100.0,,0,,15.0,BancoDeCredito:BancoDeCredito,0,True,101.0,9.61,9.71,9.71,0.002,,False,s5ec6b7ac663d340c9c214ee0f67badc0,0,0.0,0.0,user,2,,,False,48197.0
1729740009,12682511975529066496,mass,SELL,,,0.0,0.0,0.0,10.4,0.0,120.17,119.93,0.0,100.0,60.0,,0,,15.0,BANK:BANK,0,True,100.0,5.76,9.61,9.61,0.002,,False,sf7c314e6bc2433869587c3aec26d42de,0,0.0,1.0,user,2,,,False,22501.0
1729740009,12656838747011211264,mass,SELL,,,0.0,0.0,0.0,10.63,0.0,699.81,698.41,0.0,53151.0,2000.0,,0,,15.0,BancoUnion:BancoUnion|BancoDeBolivia:BancoDeBolivia,0,True,7424.09,188.14,5000.09,698.41,0.002,,False,sdd6138e7820f33f0a6d2e7220f8351ca,468,0.935,0.97082,user,2,,,False,806.0
1729740009,12679620470583492608,mass,SELL,,,0.0,0.0,0.0,10.64,0.0,138.0,137.72,0.0,1465.0,1463.0,,0,,15.0,BancoGanadero:BancoGanadero|BancoSantaCruz:BancoSantaCruz|BancoUnion:BancoUnion,0,True,1465.0,137.5,137.68,137.68,0.002,,False,s2b00e7a942b63375b2428ec708787515,28,1.0,1.0,user,2,,,False,134.0
1729740009,12673382389062975488,mass,SELL,,,0.0,0.0,0.0,10.64,0.0,100.0,99.8,0.0,600.0,599.0,,0,,15.0,BancoSolidario:BancoSolidario|BancoDeCredito:BancoDeCredito,0,True,600.0,56.29,56.39,56.39,0.002,,False,s6273f6fa0dd9381bb05dc2ee4b10c007,3,1.0,0.85714,user,2,,,False,1122.0
1729740009,12682601612217716736,profession,SELL,,,0.0,0.0,0.0,10.64,0.0,57.9,57.8,0.0,200000.0,100.0,,0,,15.0,BancoGanadero:BancoGanadero|BANK:BANK|BancoEconomico:BancoEconomico|BancoSolidario:BancoSolidario|BancoDeCredito:BancoDeCredito,0,True,614.99,9.39,18796.99,57.8,0.0016,,False,s6292d32b1a913503a3e295b65d5a5891,289,0.942,1.0,merchant,3,MASS_MERCHANT,Ordinary,False,153.0
1729740009,12660781842679971840,mass,SELL,,,0.0,0.0,0.0,10.64,0.0,300.0,299.4,0.0,5000.0,1000.0,,0,,15.0,BancoGanadero:BancoGanadero|SoliPagos:SoliPagos|BancoDeBolivia:BancoDeBolivia,0,True,3185.61,93.98,469.92,299.4,0.002,,False,s93548ff29afb39a7ab2930db9d68d277,78,1.0,0.91089,user,2,,,False,865.0
1729740009,12682599748416286720,mass,SELL,,,0.0,0.0,0.0,10.64,0.0,1343.34,1340.65,0.0,40000.0,55.0,,0,,15.0,BANK:BANK|BancoSantaCruz:BancoSantaCruz|BancoEconomico:BancoEconomico|BANK:BANK|BancoSolidario:BancoSolidario,0,True,14264.51,5.16,3759.39,1340.65,0.002,,False,s58d45b31ab593a0fa1c385136b11af4a,2369,0.994,0.98957,user,2,,,False,117.0
1729740009,12672009862689005568,mass,SELL,,,0.0,0.0,0.0,10.64,0.0,400.04,399.24,0.0,130000.0,4216.0,,0,,30.0,BancoGanadero:BancoGanadero|BancoDeCredito:BancoDeCredito,0,True,4247.91,396.24,12218.04,399.24,0.002,,False,s8ba917c464523df6b8a9886467845cc0,26,0.963,1.0,user,2,,,False,371.0
1729740009,12671845149947953152,mass,SELL,,,0.0,0.0,0.0,10.64,0.0,563.0,561.87,0.0,6000.0,1000.0,,0,,15.0,BancoEconomico:BancoEconomico|BancoGanadero:BancoGanadero|BancoDeBolivia:BancoDeBolivia|BancoUnion:BancoUnion,0,True,5978.29,93.98,563.9,561.87,0.002,,False,s9f1090b2f30739a5a4df2b885fdf5768,955,0.949,1.0,user,2,,,False,301.0
1729740009,12682450979485888512,mass,SELL,,,0.0,0.0,0.0,10.64,0.0,4998.89,4988.91,0.0,53188.0,3000.0,,0,,30.0,BANK:BANK|BancoGanadero:BancoGanadero|BancoEconomico:BancoEconomico|BancoUnion:BancoUnion|BancoSantaCruz:BancoSantaCruz,0,True,53082.0,281.95,4998.87,4988.91,0.002,,False,sc6715b6eec8b3730ac6c342ecd773551,665,0.974,0.98182,user,2,,,False,311.0
1729740009,12675665205950496768,mass,SELL,,,0.0,0.0,0.0,10.64,0.0,108.93,108.71,0.0,9200.0,100.0,,0,,15.0,BancoGanadero:BancoGanadero|BancoUnion:BancoUnion|BancoSantaCruz:BancoSantaCruz|BancoSolidario:BancoSolidario|BancoDeBolivia:BancoDeBolivia,0,True,1156.67,9.39,864.66,108.71,0.002,,False,sae7b8d64343d32a19d520e6f4b811d98,382,0.98,1.0,user,2,,,False,4.0
1729740009,12682602805406052352,mass,SELL,,,0.0,0.0,0.0,10.64,0.0,146.14,145.84,0.0,22000.0,500.0,,0,,15.0,BancoEconomico:BancoEconomico|BancoDeBolivia:BancoDeBolivia|BancoSantaCruz:BancoSantaCruz|BancoGanadero:BancoGanadero|BancoUnion:BancoUnion,0,True,1551.73,46.99,2067.66,145.84,0.002,,False,s7b71648aa2e6377ca6289d5deb7af763,162,1.0,1.0,user,2,,,False,71.0
1729740009,12675231235998863360,mass,SELL,,,0.0,0.0,0.0,10.65,0.0,132.5,132.23,0.0,1391.0,1390.0,,0,,30.0,BancoUnion:BancoUnion,0,True,1391.0,130.51,130.61,130.61,0.002,,False,s4c58749d15d23d3e9ea395b8ad8444d0,3,1.0,1.0,user,2,,,False,6321.0
1729740009,12627062205159952384,mass,SELL,,,0.0,0.0,0.0,10.65,0.0,550.0,548.9,0.0,130000.0,5800.0,,0,,15.0,BancoGanadero:BancoGanadero|BancoEconomico:BancoEconomico|BancoDeCredito:BancoDeCredito,0,True,5845.78,544.6,12206.57,548.9,0.002,,False,sd26c3a6ccff9385085c040b31da0b154,16,1.0,1.0,user,2,,,False,7116.0
1729740009,12679197591764455424,mass,SELL,,,0.0,0.0,0.0,10.65,0.0,1626.15,1622.9,0.0,130000.0,400.0,,0,,15.0,BancoUnion:BancoUnion|BancoEconomico:BancoEconomico|BancoDeBolivia:BancoDeBolivia|BancoSantaCruz:BancoSantaCruz,0,True,17283.88,37.55,12206.57,1622.9,0.002,,False,sf43767e1be443863b252ee34ea65a4ae,325,0.976,1.0,user,2,,,False,487.0
1729740009,12682508868362682368,mass,SELL,,,0.0,0.0,0.0,10.65,0.0,602.33,601.12,0.0,6415.0,100.0,,0,,15.0,BancoGanadero:BancoGanadero|BancoEconomico:BancoEconomico,0,True,6401.92,9.38,602.34,601.12,0.002,,False,sb6a4f3a3822935e9851bea48b74321ea,476,0.996,0.99558,user,2,,,False,1530.0
1729740009,12676768808798248960,mass,SELL,,,0.0,0.0,0.0,10.65,0.0,3686.17,3678.81,0.0,39683.0,100.0,,0,,15.0,BANK:BANK|BancoSantaCruz:BancoSantaCruz|BancoDeBolivia:BancoDeBolivia,0,True,39179.32,9.38,3726.1,3678.81,0.002,,False,s71c2f3e41d173d57a7254e10d2fec3a3,294,0.997,0.98947,user,2,,,False,2089.0
1729740009,12671598515111264256,mass,SELL,,,0.0,0.0,0.0,10.65,0.0,418.93,418.09,0.0,7439.0,1000.0,,0,,30.0,BancoUnion:BancoUnion|BancoDeBolivia:BancoDeBolivia|BancoGanadero:BancoGanadero|BANK:BANK,0,True,4452.65,93.89,698.49,418.09,0.002,,False,s48bc595bd77634d0b6d11068b9a3d6c0,350,0.995,1.0,user,2,,,False,413.0
1729740009,12673305583104843776,profession,SELL,,,0.0,0.0,0.0,10.65,0.0,27.64,27.59,0.0,200000.0,250.0,,0,,15.0,BancoDeCredito:BancoDeCredito|BancoSolidario:BancoSolidario|BancoSantaCruz:BancoSantaCruz|BancoEconomico:BancoEconomico|BancoGanadero:BancoGanadero,0,True,293.83,23.47,18779.34,27.59,0.0016,,False,s241947f979f3321ca42c4beaa7dd7145,508,0.913,0.98182,merchant,3,MASS_MERCHANT,Ordinary,False,4.0
1729740009,12680807426418122752,profession,SELL,,,0.0,0.0,0.0,10.65,0.0,460.72,460.07,0.0,207585.0,2000.0,,0,,15.0,BANK:BANK|BancoSantaCruz:BancoSantaCruz|BancoEconomico:BancoEconomico,0,True,4899.74,187.79,19491.54,460.07,0.0014,,False,s94ea012b7ddb3e0b8e121c39a924d2d0,638,1.0,1.0,merchant,3,MASS_MERCHANT,Ordinary,False,273.0
1729740009,12682026027238625280,mass,SELL,,,0.0,0.0,0.0,10.65,0.0,176.07,175.71,0.0,130000.0,100.0,,0,,15.0,BancoSantaCruz:BancoSantaCruz,0,True,1871.31,9.38,12206.57,175.71,0.002,,False,s26d1ff9b9c05375eb8acc509948f676f,84,0.955,1.0,user,2,,,False,487.0
1729740009,12682183811886968832,profession,SELL,,,0.0,0.0,0.0,10.65,0.0,755.02,753.81,0.0,8041.0,550.0,,0,,15.0,BancoUnion:BancoUnion|BancoEconomico:BancoEconomico|BANK:BANK|BancoSolidario:BancoSolidario,0,True,8028.07,51.64,755.02,753.81,0.0016,,False,sd3ac1222db9d38ada0cd911ac6d368f0,2905,0.903,0.99192,merchant,3,MASS_MERCHANT,Ordinary,False,112.0
1729740009,12681513131152248832,mass,SELL,,,0.0,0.0,0.0,10.65,0.0,12459.75,12434.88,0.0,132500.0,3000.0,,0,,15.0,BancoUnion:BancoUnion|BancoGanadero:BancoGanadero|BancoEconomico:BancoEconomico|BancoSantaCruz:BancoSantaCruz,0,True,132431.47,281.69,12441.31,12434.88,0.002,,False,s56e8b641f356372a8dfe8a883f45f13f,466,0.975,0.99327,user,2,,,False,76.0
1729740009,12682149552443584512,mass,SELL,,,0.0,0.0,0.0,10.65,0.0,2004.0,2000.0,0.0,21400.0,2140.0,,0,,15.0,BancoDeCredito:BancoDeCredito|BancoGanadero:BancoGanadero,0,True,21300.0,200.93,2009.38,2000.0,0.002,,False,s701c1a826ae03c1eba89186970b9eb77,22,1.0,1.0,user,2,,,False,100.0
1729740009,12664592306488127488,profession,SELL,,,0.0,0.0,0.0,10.65,0.0,3000.0,2997.0,0.0,207585.0,10000.0,,0,,15.0,BancoDeBolivia:BancoDeBolivia|BancoSantaCruz:BancoSantaCruz|BancoDeCredito:BancoDeCredito|BancoEconomico:BancoEconomico|BancoSolidario:BancoSolidario,0,True,31918.05,938.96,19491.54,2997.0,0.001,,False,s4f34ddcad70b3dc6b3955f692e58a48d,594,0.992,1.0,merchant,3,BLOCK_MERCHANT,Block,False,17.0
1729740009,12659216753609261056,mass,SELL,,,0.0,0.0,0.0,10.66,0.0,496.04,495.04,0.0,50000.0,500.0,,0,,15.0,BancoGanadero:BancoGanadero,0,True,5277.12,46.9,4690.43,495.04,0.002,,False,s3b57c53f34203f04b973acce2b4163f2,117,1.0,0.97436,user,2,,,False,39535.0
1729740009,12656719061081362432,mass,SELL,,,0.0,0.0,0.0,10.66,0.0,200.4,200.0,0.0,3000.0,250.0,,0,,15.0,SoliPagos:SoliPagos|BancoEconomico:BancoEconomico|BancoSantaCruz:BancoSantaCruz,0,True,2132.0,23.45,281.42,200.0,0.002,,False,saa88e175cead3221a48a7fe85f63e4cf,37,1.0,0.98276,user,2,,,False,4711.0
1729740009,12682468517649666048,mass,SELL,,,0.0,0.0,0.0,10.66,0.0,216.25,215.81,0.0,2500.0,2300.0,,0,,15.0,BANK:BANK|BancoDeCredito:BancoDeCredito|BancoGanadero:BancoGanadero|BancoEconomico:BancoEconomico|BancoDeBolivia:BancoDeBolivia,0,True,2300.53,215.75,234.52,215.81,0.002,,False,s170cfb3d5df236c9a453a777d1e30339,245,1.0,1.0,user,2,,,False,1908.0
1729740009,12682368912234975232,mass,SELL,,,0.0,0.0,0.0,10.66,0.0,570.46,569.32,0.0,130000.0,100.0,,0,,15.0,BancoUnion:BancoUnion|SoliPagos:SoliPagos,0,True,6068.95,9.38,12195.12,569.32,0.002,,False,sdc320845a8fb3949b988bb471dde96cc,193,0.937,0.98655,user,2,,,False,7.0
1729740009,12678463158609760256,mass,SELL,,,0.0,0.0,0.0,10.66,0.0,3268.46,3261.93,0.0,10000.0,1000.0,,0,,15.0,BancoUnion:BancoUnion|BancoGanadero:BancoGanadero|BancoEconomico:BancoEconomico|BancoDeBolivia:BancoDeBolivia|BANK:BANK,0,True,10000.0,93.8,938.08,938.08,0.002,,False,sa6846a3b116b3009a6c9f56ef7564809,577,0.97,1.0,user,2,,,False,0.0
1729740009,12675335648227381248,mass,SELL,,,0.0,0.0,0.0,10.66,0.0,202.27,201.86,0.0,2800.0,1000.0,,0,,30.0,BANK:BANK|BancoUnion:BancoUnion|BancoSantaCruz:BancoSantaCruz|BancoDeCredito:BancoDeCredito|BancoEconomico:BancoEconomico,0,True,2151.82,93.8,262.66,201.86,0.002,,False,sf17553033ee53dd9865e71149acb8b27,77,0.837,0.9625,user,2,,,False,5149.0
1729740009,12682546951688863744,mass,SELL,,,0.0,0.0,0.0,10.66,0.0,343.61,342.92,0.0,130000.0,1000.0,,0,,15.0,BancoEconomico:BancoEconomico,0,True,3655.52,93.8,12195.12,342.92,0.002,,False,sd8fa33e43ed03768bf9cb96cf0d8fde0,28,0.849,0.78571,user,2,,,False,5287.0
1729740009,12680194881191596032,profession,SELL,,,0.0,0.0,0.0,10.66,0.0,965.42,963.87,0.0,28000.0,5000.0,,0,,15.0,BancoDeBolivia:BancoDeBolivia|BancoEconomico:BancoEconomico|BANK:BANK|BancoGanadero:BancoGanadero,0,True,10274.85,469.04,2626.64,963.87,0.0016,,False,s1fb0627eab9536fd9b48fb395cba8bea,177,1.0,1.0,merchant,3,MASS_MERCHANT,Ordinary,False,587.0
1729740009,12680327392445857792,profession,SELL,,,0.0,0.0,0.0,10.66,0.0,3998.0,3991.61,0.0,42680.0,500.0,,0,,15.0,BancoDeBolivia:BancoDeBolivia|BANK:BANK|BancoSolidario:BancoSolidario|BancoEconomico:BancoEconomico|BancoGanadero:BancoGanadero,0,True,42550.56,46.9,4003.75,3991.61,0.0016,,False,s701883b051363eaeaec1700422c18f74,229,0.947,0.99638,merchant,3,MASS_MERCHANT,Ordinary,False,1683.0
1729740009,12681059812104470528,profession,SELL,,,0.0,0.0,0.0,10.66,0.0,4581.47,4575.06,0.0,56000.0,500.0,,0,,15.0,BancoUnion:BancoUnion|BancoGanadero:BancoGanadero|BancoDeBolivia:BancoDeBolivia|BancoDeCredito:BancoDeCredito,0,True,48770.13,46.9,5253.28,4575.06,0.0014,,False,s5dc63a1e0b293ddb965ab30338daf8db,1289,0.983,0.99637,merchant,3,MASS_MERCHANT,Ordinary,False,5806.0
1729740009,12647681646916718592,mass,SELL,,,0.0,0.0,0.0,10.66,0.0,906.92,905.1,0.0,130000.0,500.0,,0,,15.0,BANK:BANK|SoliPagos:SoliPagos|BancoEconomico:BancoEconomico,0,True,9648.36,46.9,12195.12,905.1,0.002,,False,sb378b312713e3edf992256efeb6183fe,472,0.958,0.99706,user,2,,,False,4567.0
1729740009,12682533695460298752,profession,SELL,,,0.0,0.0,0.0,10.66,0.0,130.55,130.34,0.0,45000.0,100.0,,0,,15.0,BancoDeCredito:BancoDeCredito|BancoGanadero:BancoGanadero|BancoSantaCruz:BancoSantaCruz|BancoEconomico:BancoEconomico|BancoSolidario:BancoSolidario,0,True,1389.42,9.38,4221.38,130.34,0.0016,,False,s3a0bc0b4178333ed9cc2a11bffcd8a1c,618,0.997,0.99652,merchant,3,MASS_MERCHANT,Ordinary,False,1237.0
1729740009,12669382835265830912,profession,SELL,,,0.0,0.0,0.0,10.66,0.0,1763.9,1761.08,0.0,200000.0,200.0,,0,,15.0,BancoUnion:BancoUnion|SoliPagos:SoliPagos|BANK:BANK,0,True,18773.11,18.76,18761.72,1761.08,0.0016,,False,s554c28a77560394b997c8d97376bd37d,688,0.976,0.99628,merchant,3,MASS_MERCHANT,Ordinary,False,2228.0
1729740009,12674283134577704960,mass,SELL,,,0.0,0.0,0.0,10.66,0.0,1125.64,1123.39,0.0,50000.0,60.0,,0,,15.0,BancoUnion:BancoUnion|SoliPagos:SoliPagos|BancoGanadero:BancoGanadero|BancoDeBolivia:BancoDeBolivia|BancoSantaCruz:BancoSantaCruz,0,True,11975.33,5.62,4690.43,1123.39,0.002,,False,s60910c9e29713e4487a4f44622a52d9e,930,0.907,0.98073,user,2,,,False,150.0
1729740009,12670964714585661440,mass,SELL,,,0.0,0.0,0.0,10.66,0.0,100.98,100.77,0.0,1745.0,55.0,,0,,15.0,BancoUnion:BancoUnion|BANK:BANK|BancoSolidario:BancoSolidario,0,True,1074.2,5.15,163.69,100.77,0.002,,False,s362732d1467835f4bf96f73c0ca6b168,217,0.944,1.0,user,2,,,False,998.0
1729740009,12682160274491637760,mass,SELL,,,0.0,0.0,0.0,10.66,0.0,1517.62,1514.59,0.0,130000.0,100.0,,0,,15.0,BancoDeBolivia:BancoDeBolivia|BANK:BANK|BancoEconomico:BancoEconomico|BancoGanadero:BancoGanadero,0,True,16145.52,9.38,12195.12,1514.59,0.002,,False,s23a5aefc579a346c969211ddd2fcff18,346,1.0,1.0,user,2,,,False,841.0
1729740009,12681297021727465472,mass,SELL,,,0.0,0.0,0.0,10.67,0.0,154.93,154.62,0.0,500.0,55.0,,0,,15.0,BancoDeBolivia:BancoDeBolivia|BancoDeCredito:BancoDeCredito|BancoSantaCruz:BancoSantaCruz,0,True,500.0,5.15,46.86,46.86,0.002,,False,s41f2a33dc66e3f629c795465e2fb68cf,136,0.965,1.0,user,2,,,False,1881.0
1729740009,13651985039297011712,profession,SELL,,,0.0,0.0,0.0,10.67,0.0,2047.06,2043.78,0.0,200000.0,200.0,,0,,15.0,BANK:BANK|BancoUnion:BancoUnion|BancoDeCredito:BancoDeCredito|BancoDeBolivia:BancoDeBolivia,0,True,21807.13,18.74,18744.14,2043.78,0.0016,,False,s2d9e461dac843b32a0b04a5c154ee52c,1799,0.943,0.99932,merchant,3,MASS_MERCHANT,Ordinary,False,65.0
1729740009,12642927420062101504,profession,SELL,,,0.0,0.0,0.0,10.67,0.0,5200.95,5192.64,0.0,40000.0,3000.0,,0,,15.0,BancoDeBolivia:BancoDeBolivia|BancoGanadero:BancoGanadero|BANK:BANK|BancoEconomico:BancoEconomico|BancoUnion:BancoUnion,0,True,40000.0,281.16,3748.82,3748.82,0.0016,,False,s034e29ecad163613b217e860ed65d31b,119,0.968,1.0,merchant,3,MASS_MERCHANT,Ordinary,False,4109.0
1729740009,12682473567184809984,profession,SELL,,,0.0,0.0,0.0,10.67,0.0,4283.11,4277.12,0.0,200000.0,10000.0,,0,,15.0,BancoDeBolivia:BancoDeBolivia|BancoGanadero:BancoGanadero|BancoEconomico:BancoEconomico|BancoUnion:BancoUnion,0,True,45636.87,937.2,18744.14,4277.12,0.0014,,False,sb8c7b0254dcb3c09b33e87c5e63f8b8f,299,0.991,0.98718,merchant,3,MASS_MERCHANT,Ordinary,False,6058.0
1729740009,12682564856394252288,mass,SELL,,,0.0,0.0,0.0,10.67,0.0,104.99,104.78,0.0,2000.0,55.0,,0,,15.0,BancoSolidario:BancoSolidario|BancoGanadero:BancoGanadero|BancoEconomico:BancoEconomico,0,True,1118.0,5.15,187.44,104.78,0.002,,False,s4a59910c201432b688dac537e7ffb4d6,85,0.868,0.99736,user,2,,,False,201.0
1729740009,12675692093434404864,mass,SELL,,,0.0,0.0,0.0,10.67,0.0,143.0,142.71,0.0,1525.0,55.0,,0,,30.0,BancoUnion:BancoUnion,0,True,1522.71,5.15,142.92,142.71,0.002,,False,s46fbe6a6d9cb3d53ad2a78b32715b4ee,31,0.94,1.0,user,2,,,False,4238.0
1729740009,12678228741188329472,profession,SELL,,,0.0,0.0,0.0,10.68,0.0,1219.4,1217.45,0.0,30000.0,10000.0,,0,,15.0,BANK:BANK|BancoGanadero:BancoGanadero|BancoEconomico:BancoEconomico|BancoDeBolivia:BancoDeBolivia|BancoSantaCruz:BancoSantaCruz,0,True,13002.36,936.32,2808.98,1217.45,0.0016,,False,see969ec4ddb131a2af94dffe7a119fc0,143,0.948,1.0,merchant,3,MASS_MERCHANT,Ordinary,False,9026.0
1729740009,12641936780006162432,profession,SELL,,,0.0,0.0,0.0,10.68,0.0,1210.25,1208.31,0.0,14929.0,1000.0,,0,,15.0,BANK:BANK|SoliPagos:SoliPagos|BancoDeCredito:BancoDeCredito|BancoEconomico:BancoEconomico|BancoDeBolivia:BancoDeBolivia,0,True,12904.75,93.63,1397.84,1208.31,0.0016,,False,se2e8388c14d33a7ca214ce4eabfe5e25,177,0.947,0.99076,merchant,3,MASS_MERCHANT,Ordinary,False,5598.0
1729740009,12672204229234573312,profession,SELL,,,0.0,0.0,0.0,10.68,0.0,2749.65,2745.25,0.0,200000.0,500.0,,0,,15.0,BancoUnion:BancoUnion|BancoEconomico:BancoEconomico|BancoGanadero:BancoGanadero|BancoSantaCruz:BancoSantaCruz|BancoDeBolivia:BancoDeBolivia,0,True,29319.27,46.81,18726.59,2745.25,0.0016,,False,s12e148ccee1a329fa0c14003299b9f6b,496,0.981,0.99574,merchant,3,MASS_MERCHANT,Ordinary,False,2629.0
1729740009,12676587913309167616,profession,SELL,,,0.0,0.0,0.0,10.68,0.0,11100.0,11082.26,0.0,118548.0,950.0,,0,,30.0,BancoUnion:BancoUnion|BancoSantaCruz:BancoSantaCruz|BANK:BANK|BancoSolidario:BancoSolidario|BancoEconomico:BancoEconomico,0,True,118358.53,88.95,11100.0,11082.26,0.0016,,False,s3aac505033593b078fbc0659aae1f73c,803,0.982,0.98944,merchant,3,MASS_MERCHANT,Ordinary,False,6273.0
1729740009,12676748411515817984,profession,SELL,,,0.0,0.0,0.0,10.68,0.0,500.0,499.2,0.0,45000.0,100.0,,0,,15.0,BancoDeCredito:BancoDeCredito|BancoGanadero:BancoGanadero|BancoSantaCruz:BancoSantaCruz|BancoEconomico:BancoEconomico|BancoSolidario:BancoSolidario,0,True,5331.45,9.36,4213.48,499.2,0.0016,,False,s3a0bc0b4178333ed9cc2a11bffcd8a1c,618,0.997,0.9965,merchant,3,MASS_MERCHANT,Ordinary,False,1239.0
1729740009,12678855474851045376,profession,SELL,,,0.0,0.0,0.0,10.68,0.0,4990.03,4982.05,0.0,200000.0,500.0,,0,,15.0,BancoSantaCruz:BancoSantaCruz|BancoDeCredito:BancoDeCredito|BancoDeBolivia:BancoDeBolivia|BANK:BANK,0,True,53208.29,46.81,18726.59,4982.05,0.0016,,False,s2005cbfe6cf632b38c78012372404458,824,0.972,0.99427,merchant,3,MASS_MERCHANT,Ordinary,False,4533.0
1729740009,12681634987176288256,profession,SELL,,,0.0,0.0,0.0,10.68,0.0,844.71,843.36,0.0,10000.0,500.0,,0,,15.0,BANK:BANK|BancoDeBolivia:BancoDeBolivia|BancoGanadero:BancoGanadero|BancoEconomico:BancoEconomico|BancoSolidario:BancoSolidario,0,True,9007.08,46.81,936.32,843.36,0.0016,,False,sa93eab18c5883a21bc2874c05291dc6d,591,1.0,1.0,merchant,3,MASS_MERCHANT,Ordinary,False,1.0
1729740009,12679693901077499904,mass,SELL,,,0.0,0.0,0.0,10.68,0.0,300.0,299.4,0.0,3500.0,400.0,,0,,30.0,BancoDeCredito:BancoDeCredito|BancoDeBolivia:BancoDeBolivia|SoliPagos:SoliPagos|BancoSolidario:BancoSolidario,0,True,3197.59,37.45,327.71,299.4,0.002,,False,s698d5afd01d63774a1eb30d2babd6fcd,22,1.0,1.0,user,2,,,False,1514.0
1729740009,12668806830742560768,mass,SELL,,,0.0,0.0,0.0,10.69,0.0,206.65,206.23,0.0,130000.0,100.0,,0,,15.0,BancoGanadero:BancoGanadero|BancoSolidario:BancoSolidario|SoliPagos:SoliPagos|BancoDeCredito:BancoDeCredito|BancoUnion:BancoUnion,0,True,2204.59,9.35,12160.89,206.23,0.002,,False,s37a201f5ac5b3e8499f7be9294358e94,86,0.967,1.0,user,2,,,False,5729.0
1729740009,12682056184964210688,profession,SELL,,,0.0,0.0,0.0,10.7,0.0,3398.0,3392.57,0.0,200000.0,5000.0,,0,,30.0,BancoGanadero:BancoGanadero|BancoUnion:BancoUnion|BancoDeCredito:BancoDeCredito|BANK:BANK,0,True,36300.49,467.28,18691.58,3392.57,0.0016,,False,s08aef7872cb53fd9a8a03f6c7ca1dbeb,99,0.909,0.99452,merchant,3,MASS_MERCHANT,Ordinary,False,15004.0
1729740009,12669948437432885248,mass,SELL,,,0.0,0.0,0.0,10.7,0.0,109.18,108.96,0.0,5310.0,55.0,,0,,15.0,BancoDeBolivia:BancoDeBolivia|BancoSantaCruz:BancoSantaCruz|BancoUnion:BancoUnion|BancoDeCredito:BancoDeCredito|TigoMoney:TigoMoney,0,True,1165.87,5.14,496.26,108.96,0.002,,False,s487c102702a9328eb8c1462a6767d6f8,17,0.895,1.0,user,2,,,False,2.0
1729740009,12680065512563544064,mass,SELL,,,0.0,0.0,0.0,10.7,0.0,100.0,99.8,0.0,1065.0,500.0,,0,,15.0,BancoDeBolivia:BancoDeBolivia|BancoSantaCruz:BancoSantaCruz,0,True,1065.0,46.72,99.53,99.53,0.002,,False,s0d4bc20d8095331fa4ec6108c688ca15,16,1.0,1.0,user,2,,,False,31120.0
1729740009,12677896923668201472,profession,SELL,,,0.0,0.0,0.0,10.7,0.0,4300.0,4293.13,0.0,70000.0,1000.0,,0,,30.0,BancoSantaCruz:BancoSantaCruz|BancoGanadero:BancoGanadero|BancoEconomico:BancoEconomico|BancoDeCredito:BancoDeCredito,0,True,45936.49,93.45,6542.05,4293.13,0.0016,,False,s6540ee8e535b3bdab7d6bb9ee4d8036e,319,0.976,0.98519,merchant,3,MASS_MERCHANT,Ordinary,False,13.0
1729740009,12682366044412715008,profession,SELL,,,0.0,0.0,0.0,10.7,0.0,2892.0,2887.38,0.0,30000.0,500.0,,0,,15.0,BANK:BANK|BancoDeBolivia:BancoDeBolivia|BancoGanadero:BancoGanadero|BancoEconomico:BancoEconomico|BancoSolidario:BancoSolidario,0,True,30000.0,46.72,2803.73,2803.73,0.0016,,False,sa93eab18c5883a21bc2874c05291dc6d,591,1.0,1.0,merchant,3,MASS_MERCHANT,Ordinary,False,2.0
1729740009,12682406329779777536,mass,SELL,,,0.0,0.0,0.0,10.7,0.0,2338.66,2333.99,0.0,5000.0,100.0,,0,,15.0,BancoUnion:BancoUnion|BancoDeCredito:BancoDeCredito|BancoEconomico:BancoEconomico,0,True,5000.0,9.34,467.28,467.28,0.002,,False,s6005c49a6ff830aaa7ec381c67be00a4,5,1.0,0.98864,user,2,,,False,10352.0
1729740009,12677333168933199872,profession,SELL,,,0.0,0.0,0.0,10.7,0.0,2734.86,2731.03,0.0,200000.0,350.0,,0,,15.0,BANK:BANK|BancoUnion:BancoUnion|BancoGanadero:BancoGanadero|BancoDeCredito:BancoDeCredito|BancoSantaCruz:BancoSantaCruz,0,True,29222.02,32.71,18691.58,2731.03,0.0014,,False,sadc456e760323498834f464c25e302d3,488,0.978,0.98665,merchant,3,MASS_MERCHANT,Ordinary,False,2572.0
1729740009,12660325395820359680,mass,SELL,,,0.0,0.0,0.0,10.7,0.0,4623.61,4614.38,0.0,20000.0,1000.0,,0,,15.0,BancoGanadero:BancoGanadero|BancoEconomico:BancoEconomico|BancoDeBolivia:BancoDeBolivia|BancoDeCredito:BancoDeCredito|SoliPagos:SoliPagos,0,True,20000.0,93.45,1869.15,1869.15,0.002,,False,s6eb7ea0f5c4a3f6b8938ca8a2d03672c,66,1.0,1.0,user,2,,,False,6342.0
1729740009,13652751721536339968,profession,SELL,,,0.0,0.0,0.0,10.71,0.0,4964.0,4383.6,0.0,200000.0,50.0,,0,,15.0,BancoDeCredito:BancoDeCredito|BANK:BANK|BancoUnion:BancoUnion|BancoDeBolivia:BancoDeBolivia,0,True,46948.35,4.66,18674.13,4383.6,0.0016,,False,s2d9e461dac843b32a0b04a5c154ee52c,1799,0.943,0.99932,merchant,3,MASS_MERCHANT,Ordinary,False,67.0
1729740009,12655196160729649152,mass,SELL,,,0.0,0.0,0.0,10.74,0.0,8574.38,8557.26,0.0,99000.0,1500.0,,0,,15.0,BancoUnion:BancoUnion|BancoGanadero:BancoGanadero|BancoDeCredito:BancoDeCredito|BancoEconomico:BancoEconomico|BANK:BANK,0,True,91904.97,139.66,9217.87,8557.26,0.002,,False,s3f7619c5a7ba32ea8d5711db5790607c,118,0.992,0.99518,user,2,,,False,11036.0
1729740009,12668779739498737664,profession,SELL,,,0.0,0.0,0.0,10.8,0.0,35.6,35.54,0.0,7000.0,50.0,,0,,15.0,BancoGanadero:BancoGanadero|BancoEconomico:BancoEconomico|BancoDeCredito:BancoDeCredito|BancoSantaCruz:BancoSantaCruz|BancoUnion:BancoUnion,0,True,383.83,4.62,648.14,35.54,0.0016,,False,sdc6d64c603cc350c87a0fb77ef682ee4,321,0.988,0.99265,merchant,3,MASS_MERCHANT,Ordinary,False,5650.0
1729740009,12663283971766853632,mass,SELL,,,0.0,0.0,0.0,10.96,0.0,319.0,318.36,0.0,3500.0,3400.0,,0,,15.0,BancoEconomico:BancoEconomico|BancoSantaCruz:BancoSantaCruz,0,True,3489.22,310.21,319.34,318.36,0.002,,False,sfba8a95446a9355a8428e8da7944f96f,11,0.786,1.0,user,2,,,False,107857.0
1729740009,12677330110076039168,mass,SELL,,,0.0,0.0,0.0,11.0,0.0,100.0,99.8,0.0,110.0,55.0,,0,,15.0,BANK:BANK,0,True,110.0,5.0,10.0,10.0,0.002,,False,sae9479e72f1d317e8e9656079badbd76,1,1.0,0.0,user,2,,,False,2908.0
1729740009,12672828727155052544,mass,SELL,,,0.0,0.0,0.0,11.0,0.0,128.26,128.0,0.0,600.0,60.0,,0,,30.0,BANK:BANK|BancoSolidario:BancoSolidario|BancoSantaCruz:BancoSantaCruz,0,True,600.0,5.45,54.54,54.54,0.002,,False,s96661bd70d7a3f6ba32a1aa1d09858be,17,1.0,1.0,user,2,,,False,10078.0
1729740009,12678548934700994560,mass,SELL,,,0.0,0.0,0.0,11.0,0.0,6408.89,6396.09,0.0,130000.0,100.0,,0,,15.0,BancoGanadero:BancoGanadero|BancoSantaCruz:BancoSantaCruz,0,True,70356.99,9.09,11818.18,6396.09,0.002,,False,s5e496cf67e7f38c8ab41e480ec4fe293,4,1.0,1.0,user,2,,,False,119153.0
1729740009,12680304110833045504,mass,SELL,,,0.0,0.0,0.0,11.01,0.0,496.48,495.48,0.0,5000.0,3000.0,,0,,15.0,BANK:BANK,0,True,5000.0,272.47,454.13,454.13,0.002,,False,s74d7ba939a5632c4a05870f9b0a82fbd,1,1.0,0.0,user,2,,,False,43561.0
1729740009,12659651227637571584,mass,SELL,,,0.0,0.0,0.0,11.04,0.0,79.07,78.91,0.0,130000.0,300.0,,0,,15.0,BancoUnion:BancoUnion|BancoDeBolivia:BancoDeBolivia|BancoSantaCruz:BancoSantaCruz|BancoEconomico:BancoEconomico|BANK:BANK,0,True,871.16,27.17,11775.36,78.91,0.002,,False,s55df60c547993185b59d097258e43408,0,0.0,1.0,user,2,,,False,1597657.0
1729740009,12681425302524317696,mass,SELL,,,0.0,0.0,0.0,11.1,0.0,205.0,204.59,0.0,130000.0,100.0,,0,,15.0,BANK:BANK|BancoDeBolivia:BancoDeBolivia,0,True,2270.94,9.0,11711.71,204.59,0.002,,False,s56fb5901c1fa384db4a89e0147deb96e,25,0.758,1.0,user,2,,,False,22781.0
1729740009,12679605321679564800,profession,SELL,,,0.0,0.0,0.0,11.5,0.0,400.0,399.36,0.0,200000.0,3000.0,,0,,15.0,BancoDeBolivia:BancoDeBolivia|BancoDeCredito:BancoDeCredito|BANK:BANK|SoliPagos:SoliPagos|BancoUnion:BancoUnion,0,True,4592.64,260.86,17391.3,399.36,0.0016,,False,s93d33be6646630c888e6247ea7c9bc6c,32,0.781,0.9883,merchant,3,MASS_MERCHANT,Ordinary,False,12788.0
1729740009,12657518851580321792,profession,SELL,,,0.0,0.0,0.0,11.54,0.0,595.75,594.79,0.0,30000.0,35.0,,0,,15.0,BANK:BANK|BancoUnion:BancoUnion|BancoGanadero:BancoGanadero|BancoDeCredito:BancoDeCredito|BancoEconomico:BancoEconomico,0,True,6863.87,3.03,2599.65,594.79,0.0016,,False,s19212bebecff34ab8b26aeb77aac24eb,778,0.96,0.99556,merchant,3,MASS_MERCHANT,Ordinary,False,47.0
1729740009,12653068049507266560,mass,SELL,,,0.0,0.0,0.0,11.61,0.0,100.0,99.8,0.0,500.0,350.0,,0,,15.0,BancoDeCredito:BancoDeCredito|BancoUnion:BancoUnion|BANK:BANK|SoliPagos:SoliPagos,0,True,500.0,30.14,43.06,43.06,0.002,,False,s9efd5d7f542f3d058111ebb070564d00,2,1.0,1.0,user,2,,,False,1849.0
1729740009,12676808333636837376,mass,SELL,,,0.0,0.0,0.0,12.5,0.0,200.34,199.94,0.0,11000.0,1000.0,,0,,15.0,BANK:BANK|BancoSolidario:BancoSolidario|BancoEconomico:BancoEconomico,0,True,2499.25,80.0,880.0,199.94,0.002,,False,s4d46d54d7b2238d98024804f84a6a57c,51,0.88,1.0,user,2,,,False,6125.0
1729740009,12654701025008304128,mass,SELL,,,0.0,0.0,0.0,12.8,0.0,179.23,178.87,0.0,130000.0,100.0,,0,,15.0,BancoGanadero:BancoGanadero,0,True,2289.53,7.81,10156.25,178.87,0.002,,False,s113f57cee62a3b07ab9b6ce74ac9e725,0,0.0,0.0,user,2,,,False,
1729740009,12651747748327727104,mass,SELL,,,0.0,0.0,0.0,12.9,0.0,259.05,258.53,0.0,3341.0,500.0,,0,,30.0,BancoEconomico:BancoEconomico|SoliPagos:SoliPagos|BANK:BANK|BancoGanadero:BancoGanadero|BancoUnion:BancoUnion,0,True,3335.03,38.75,258.99,258.53,0.002,,False,sdf1025adad1f383997a54ae354442048,0,0.0,0.96,user,2,,,False,7818.0
1729740009,12676003612688486400,mass,SELL,,,0.0,0.0,0.0,13.2,0.0,100.02,99.82,0.0,1059.0,1000.0,,0,,15.0,BANK:BANK,0,True,1059.0,75.75,80.22,80.22,0.002,,False,s9d558781e4383484bfc007070db2b8b0,6,1.0,1.0,user,2,,,False,28310.0
1729740009,12682549581598928896,mass,SELL,,,0.0,0.0,0.0,13.6,0.0,103.0,102.79,0.0,1400.0,300.0,,0,,30.0,BancoSolidario:BancoSolidario,0,True,1397.94,22.05,102.94,102.79,0.002,,False,s8e00aeae955a3f449a23e81bd94aaa00,37,0.771,1.0,user,2,,,False,7775.0
1729740009,12574471900492414976,mass,SELL,,,0.0,0.0,0.0,13.72,0.0,119.76,119.52,0.0,1300.0,55.0,,0,,15.0,BancoDeCredito:BancoDeCredito|BancoDeBolivia:BancoDeBolivia|BANK:BANK|SoliPagos:SoliPagos,0,True,1300.0,4.0,94.75,94.75,0.002,,False,s964743eb71633b5ab9062925c3f164b3,2,1.0,0.9881,user,2,,,False,9965.0
1729740009,12681700067328614400,mass,SELL,,,0.0,0.0,0.0,13.8,0.0,100.0,99.8,0.0,700.0,100.0,,0,,15.0,BancoSolidario:BancoSolidario|BancoDeBolivia:BancoDeBolivia,0,True,700.0,7.24,50.72,50.72,0.002,,False,s84426741a4233cd48d14be5c1b4f0386,1,1.0,1.0,user,2,,,False,5411.0
1729740009,12679645394060607488,mass,SELL,,,0.0,0.0,0.0,13.8,0.0,194.36,193.97,0.0,13000.0,55.0,,0,,15.0,BancoSantaCruz:BancoSantaCruz|BANK:BANK|BancoDeBolivia:BancoDeBolivia,0,True,2676.78,3.98,942.02,193.97,0.002,,False,sfb51469fe43a3a3e87034bb9f9ba7cb8,49,0.943,1.0,user,2,,,False,4885.0
1729740009,12669772937817792512,mass,BUY,,,0.0,0.0,0.0,10.1,0.0,5000.0,5000.0,0.0,130000.0,1000.0,,0,,15.0,BancoSantaCruz:BancoSantaCruz|BancoUnion:BancoUnion|BancoGanadero:BancoGanadero,0,True,50500.0,99.0,12871.28,5000.0,0.002,,False,s6d5a0ff77fa935bbba1e24756139ac3c,18,0.948,1.0,user,2,,,False,10719.0
1729740009,12675545190475657216,profession,BUY,,,0.0,0.0,0.0,10.1,0.0,62894.43,62894.43,0.0,70000.0,35.0,,0,,15.0,BancoEconomico:BancoEconomico|BancoDeBolivia:BancoDeBolivia|BancoSolidario:BancoSolidario|BANK:BANK|BancoGanadero:BancoGanadero,0,True,70000.0,3.46,6930.69,6930.69,0.0016,,False,s19212bebecff34ab8b26aeb77aac24eb,778,0.96,0.99556,merchant,3,MASS_MERCHANT,Ordinary,False,50.0
1729740009,12660124617230663680,profession,BUY,,,0.0,0.0,0.0,10.1,0.0,24979.62,24979.62,0.0,200000.0,35.0,,0,,15.0,BancoGanadero:BancoGanadero|BancoSantaCruz:BancoSantaCruz|BancoUnion:BancoUnion|SoliPagos:SoliPagos|BANK:BANK,0,True,200000.0,3.46,19801.98,19801.98,0.0016,,False,s554c28a77560394b997c8d97376bd37d,688,0.976,0.99628,merchant,3,MASS_MERCHANT,Ordinary,False,2234.0
1729740009,11458082019410124800,profession,BUY,,,0.0,0.0,0.0,10.01,0.0,7607.27,7607.27,0.0,10000.0,250.0,,0,,15.0,BancoEconomico:BancoEconomico|BancoDeCredito:BancoDeCredito|BancoGanadero:BancoGanadero|BancoUnion:BancoUnion|BANK:BANK,0,True,10000.0,24.97,999.0,999.0,0.0016,,False,s93b2c1d422d932b58c4ddba31ce7ba92,154,0.994,1.0,merchant,3,MASS_MERCHANT,Ordinary,False,1218.0
1729740009,12657065786283106304,mass,BUY,,,0.0,0.0,0.0,10.0,0.0,250.0,250.0,0.0,130000.0,100.0,,0,,15.0,BancoUnion:BancoUnion|BANK:BANK,0,True,2500.0,10.0,13000.0,250.0,0.002,,False,s5f57a2c2971d370988db2f47c2268dbc,7,0.875,1.0,user,2,,,False,191296.0
1729740009,12661479769327120384,mass,BUY,,,0.0,0.0,0.0,10.0,0.0,2000.0,2000.0,0.0,20000.0,19999.0,,0,,15.0,BancoDeBolivia:BancoDeBolivia|BancoUnion:BancoUnion|BancoSantaCruz:BancoSantaCruz,0,True,20000.0,1999.9,2000.0,2000.0,0.002,,False,sab1c549f2f8d3cfe8b8034ff84fb428e,15,0.938,1.0,user,2,,,False,81840.0
1729740009,12666523889466499072,mass,BUY,,,0.0,0.0,0.0,10.0,0.0,20000.0,20000.0,0.0,130000.0,50000.0,,0,,30.0,BancoSantaCruz:BancoSantaCruz|BancoDeBolivia:BancoDeBolivia|BancoUnion:BancoUnion|BancoGanadero:BancoGanadero,0,True,130000.0,5000.0,13000.0,13000.0,0.002,,False,sa43ccda29adb3131a0d0da05473a3ea8,7,1.0,0.95455,user,2,,,False,135058.0
1729740009,12667635398965239808,mass,BUY,,,0.0,0.0,0.0,10.0,0.0,1000.0,1000.0,0.0,10000.0,100.0,,0,,15.0,BancoEconomico:BancoEconomico|BancoUnion:BancoUnion|BancoDeBolivia:BancoDeBolivia|BancoDeCredito:BancoDeCredito|BancoGanadero:BancoGanadero,0,True,10000.0,10.0,1000.0,1000.0,0.002,,False,s2d3c8c75c41d3d26b75c53c3d6d472eb,21,0.678,1.0,user,2,,,False,46572.0
1729740009,12677049387437088768,mass,BUY,,,0.0,0.0,0.0,10.0,0.0,200.0,200.0,0.0,2000.0,1999.0,,0,,15.0,BancoDeBolivia:BancoDeBolivia|BancoDeCredito:BancoDeCredito,0,True,2000.0,199.9,200.0,200.0,0.002,,False,s6bb22ff8a15632ab98a28950284e0cdb,1,1.0,1.0,user,2,,,False,808567.0
1729740009,12642420049669111808,profession,BUY,,,0.0,0.0,0.0,10.0,0.0,3200.0,3200.0,0.0,32000.0,1000.0,,0,,30.0,BancoSolidario:BancoSolidario|BancoSantaCruz:BancoSantaCruz|BancoDeCredito:BancoDeCredito|BancoDeBolivia:BancoDeBolivia|BancoEconomico:BancoEconomico,0,True,32000.0,100.0,3200.0,3200.0,0.0016,,False,s453928d51d9d341d9328e30df32a759e,90,0.892,0.98233,merchant,3,MASS_MERCHANT,Ordinary,False,11298.0
1729740009,12661064460452159488,mass,BUY,,,0.0,0.0,0.0,10.0,0.0,100.0,100.0,0.0,500.0,100.0,,0,,15.0,BancoDeBolivia:BancoDeBolivia|BANK:BANK|BancoSantaCruz:BancoSantaCruz|BancoGanadero:BancoGanadero|BancoEconomico:BancoEconomico,0,True,500.0,10.0,50.0,50.0,0.002,,False,sc4d5e7ce4ced39df899ee38d6619f854,35,1.0,1.0,user,2,,,False,11821.0
1729740009,12652324425637224448,profession,BUY,,,0.0,0.0,0.0,10.0,0.0,25000.0,25000.0,0.0,200000.0,200.0,,0,,15.0,BancoEconomico:BancoEconomico|BANK:BANK|SoliPagos:SoliPagos|BancoUnion:BancoUnion|BancoSantaCruz:BancoSantaCruz,0,True,200000.0,20.0,20000.0,20000.0,0.0014,,False,sadc456e760323498834f464c25e302d3,488,0.978,0.98665,merchant,3,MASS_MERCHANT,Ordinary,False,2576.0
1729740009,12660533233417179136,mass,BUY,,,0.0,0.0,0.0,9.98,0.0,1777.41,1777.41,0.0,25000.0,55.0,,0,,30.0,BancoSantaCruz:BancoSantaCruz|BancoSolidario:BancoSolidario|BancoDeCredito:BancoDeCredito|BancoDeBolivia:BancoDeBolivia|BancoGanadero:BancoGanadero,0,True,17738.55,5.51,2505.01,1777.41,0.002,,False,sac3d744b14fb3c80b6f7ecf1909ced6b,24,0.96,1.0,user,2,,,False,1998.0
1729740009,12649544902528958464,profession,BUY,,,0.0,0.0,0.0,9.85,0.0,2000.0,2000.0,0.0,200000.0,1000.0,,0,,15.0,BancoGanadero:BancoGanadero|BancoEconomico:BancoEconomico|BancoSantaCruz:BancoSantaCruz|BancoDeBolivia:BancoDeBolivia,0,True,19700.0,101.52,20304.56,2000.0,0.0016,,False,s59a3cde1b6153da1b55270d89662b111,58,0.936,0.99172,merchant,3,MASS_MERCHANT,Ordinary,False,17470.0
1729740009,12630954025393954816,profession,BUY,,,0.0,0.0,0.0,9.63,0.0,39440.05,39440.05,0.0,200000.0,3000.0,,0,,15.0,BancoEconomico:BancoEconomico|BancoUnion:BancoUnion|BancoGanadero:BancoGanadero|BancoSantaCruz:BancoSantaCruz|BancoDeBolivia:BancoDeBolivia,0,True,200000.0,311.52,20768.43,20768.43,0.0016,,False,s87e48c8fb2cb3c759fdba6b4f6da80d3,520,0.877,0.98238,merchant,3,MASS_MERCHANT,Ordinary,False,16477.0
1729740009,12655235817824903168,mass,BUY,,,0.0,0.0,0.0,9.5,0.0,400.0,400.0,0.0,4200.0,1000.0,,0,,15.0,BancoDeBolivia:BancoDeBolivia|BancoUnion:BancoUnion,0,True,3800.0,105.26,442.1,400.0,0.002,,False,sabee476af82532139a680c4bde1aad79,0,0.0,1.0,user,2,,,False,86140.0
1729740009,12678064139947573248,mass,BUY,,,0.0,0.0,0.0,9.5,0.0,2000.0,2000.0,0.0,130000.0,5000.0,,0,,15.0,BancoDeBolivia:BancoDeBolivia|BancoUnion:BancoUnion|BancoDeCredito:BancoDeCredito,0,True,19000.0,526.31,13684.21,2000.0,0.002,,False,scad38f765259364ab489326536a0eaec,25,0.834,1.0,user,2,,,False,141926.0
1729740009,11512562716277940224,mass,BUY,,,0.0,0.0,0.0,9.5,0.0,4882.59,4882.59,0.0,1000.0,55.0,,0,,15.0,SoliPagos:SoliPagos|BancoEconomico:BancoEconomico|BancoSolidario:BancoSolidario|BancoDeBolivia:BancoDeBolivia,0,True,1000.0,5.78,105.26,105.26,0.002,,False,s98a0373af1813b24b504a89757e37109,2,1.0,1.0,user,2,,,False,630123.0
1729740009,12652628328349061120,profession,BUY,,,0.0,0.0,0.0,9.5,0.0,30000.0,30000.0,0.0,200000.0,35.0,,0,,15.0,BancoSolidario:BancoSolidario|BancoUnion:BancoUnion|BancoDeCredito:BancoDeCredito|SoliPagos:SoliPagos|BANK:BANK,0,True,200000.0,3.68,21052.63,21052.63,0.0014,,False,sadc456e760323498834f464c25e302d3,488,0.978,0.98665,merchant,3,MASS_MERCHANT,Ordinary,False,2576.0
1729740009,12665498240245194752,profession,BUY,,,0.0,0.0,0.0,9.3,0.0,9699.28,9699.28,0.0,200000.0,70.0,,0,,15.0,BANK:BANK|BancoDeCredito:BancoDeCredito|BancoSolidario:BancoSolidario|SoliPagos:SoliPagos|TigoMoney:TigoMoney,0,True,90203.3,7.52,21505.37,9699.28,0.0016,,False,s1af1da989c9f38bc9d119755088cb7d0,1074,0.963,0.97481,merchant,3,MASS_MERCHANT,Ordinary,False,1199.0
1729740009,12599443863832780800,mass,BUY,,,0.0,0.0,0.0,9.25,0.0,1000.0,1000.0,0.0,9500.0,800.0,,0,,15.0,BancoSantaCruz:BancoSantaCruz|BancoGanadero:BancoGanadero,0,True,9250.0,86.48,1027.02,1000.0,0.002,,False,s8ba917c464523df6b8a9886467845cc0,26,0.963,1.0,user,2,,,False,382.0
1729740009,12658555715706683392,mass,BUY,,,0.0,0.0,0.0,9.0,0.0,100.0,100.0,0.0,350.0,100.0,,0,,15.0,BancoDeCredito:BancoDeCredito|BancoEconomico:BancoEconomico|BancoUnion:BancoUnion|BANK:BANK|BancoGanadero:BancoGanadero,0,True,350.0,11.11,38.88,38.88,0.002,,False,s081da581488434208ff86aa141e15729,34,0.919,1.0,user,2,,,False,60237.0
1729740009,12666802257668476928,mass,BUY,,,0.0,0.0,0.0,9.0,0.0,491.05,491.05,0.0,1500.0,55.0,,0,,15.0,BancoSantaCruz:BancoSantaCruz|BancoDeCredito:BancoDeCredito|BancoEconomico:BancoEconomico|BANK:BANK|SoliPagos:SoliPagos,0,True,1500.0,6.11,166.66,166.66,0.002,,False,sa5dfbae6166c31c28d1afb880fa0f32b,39,1.0,0.96,user,2,,,False,26352.0
1729740009,12660844313149288448,mass,BUY,,,0.0,0.0,0.0,9.0,0.0,500.0,500.0,0.0,4500.0,90.0,,0,,15.0,BancoDeBolivia:BancoDeBolivia,0,True,4500.0,10.0,500.0,500.0,0.002,,False,sf0fa3a493fca3e82a7a035c6c54a3249,2,1.0,1.0,user,2,,,False,53776.0
1729740009,12605660783612280832,mass,BUY,,,0.0,0.0,0.0,9.0,0.0,288.96,288.96,0.0,1500.0,55.0,,0,,15.0,BancoGanadero:BancoGanadero|BancoUnion:BancoUnion|BancoDeBolivia:BancoDeBolivia|BancoSantaCruz:BancoSantaCruz|BancoEconomico:BancoEconomico,0,True,1500.0,6.11,166.66,166.66,0.002,,False,sfe49d9d9d81b36ccb4f522cd521e6ff9,91,0.99,1.0,user,2,,,False,14431.0
1729740009,12613959801519214592,mass,BUY,,,0.0,0.0,0.0,8.63,0.0,2000.0,2000.0,0.0,130000.0,300.0,,0,,15.0,BancoDeCredito:BancoDeCredito|SoliPagos:SoliPagos|BancoDeBolivia:BancoDeBolivia,0,True,17260.0,34.76,15063.73,2000.0,0.002,,False,sed52e401b5b4314e8b1af532a6233f34,0,0.0,0.93651,user,2,,,False,899157.0
1729740009,12629204598362017792,mass,BUY,,,0.0,0.0,0.0,8.63,0.0,95.63,95.63,0.0,100.0,55.0,,0,,30.0,BancoEconomico:BancoEconomico|BancoUnion:BancoUnion|BANK:BANK,0,True,100.0,6.37,11.58,11.58,0.002,,False,se98f13acb46a3d4e8d32dbfd652643f8,0,0.0,1.0,user,2,,,False,1168818.0
1729740009,12631366123532951552,mass,BUY,,,0.0,0.0,0.0,8.61,0.0,118.0,118.0,0.0,1010.0,1000.0,,0,,15.0,BancoSantaCruz:BancoSantaCruz|BancoUnion:BancoUnion|BancoDeCredito:BancoDeCredito|SoliPagos:SoliPagos|BANK:BANK,0,True,1010.0,116.14,117.3,117.3,0.002,,False,se6ba54278b283d859856073706ebf4cb,0,0.0,1.0,user,2,,,False,35636.0
1729740009,12645468749725069312,mass,BUY,,,0.0,0.0,0.0,8.5,0.0,2000.0,2000.0,0.0,130000.0,100.0,,0,,15.0,BancoSolidario:BancoSolidario|BancoSantaCruz:BancoSantaCruz|BancoDeBolivia:BancoDeBolivia|BancoGanadero:BancoGanadero,0,True,17000.0,11.76,15294.11,2000.0,0.002,,False,s02a6779cfc4c367fb148d6f9c7f5e7d1,12,1.0,1.0,user,2,,,False,127833.0
1729740009,11483582015838937088,mass,BUY,,,0.0,0.0,0.0,8.5,0.0,600.0,600.0,0.0,130000.0,55.0,,0,,15.0,BancoUnion:BancoUnion|BancoDeBolivia:BancoDeBolivia|BancoSolidario:BancoSolidario|BANK:BANK,0,True,5100.0,6.47,15294.11,600.0,0.002,,False,sc813116691a33136975b9164d065cdda,0,0.0,1.0,user,2,,,False,316513.0
1729740009,12659520334516051968,mass,BUY,,,0.0,0.0,0.0,8.5,0.0,1100.0,1100.0,0.0,130000.0,100.0,,0,,15.0,BancoGanadero:BancoGanadero,0,True,9350.0,11.76,15294.11,1100.0,0.002,,False,sf78fbc6f25b03067a141d9fef7854a92,1,1.0,1.0,user,2,,,False,440046.0
1729740009,12616929619878486016,mass,BUY,,,0.0,0.0,0.0,8.43,0.0,1280.0,1280.0,0.0,15555.0,500.0,,0,,15.0,BancoSantaCruz:BancoSantaCruz|BancoDeBolivia:BancoDeBolivia|BancoEconomico:BancoEconomico|BancoUnion:BancoUnion,0,True,10790.4,59.31,1845.19,1280.0,0.002,,False,s8c9ffddfdece39e9aaa41c6748040ea4,0,0.0,1.0,user,2,,,False,
1729740009,12616173130808295424,mass,BUY,,,0.0,0.0,0.0,8.38,0.0,2000.0,2000.0,0.0,130000.0,100.0,,0,,15.0,BancoDeBolivia:BancoDeBolivia,0,True,16760.0,11.93,15513.12,2000.0,0.002,,False,s3fa07fdba1f039d7931fd537252dc278,0,0.0,1.0,user,2,,,False,
1729740009,11460602077182488576,mass,BUY,,,0.0,0.0,0.0,8.36,0.0,1000.0,1000.0,0.0,125000.0,2000.0,,0,,15.0,BancoDeCredito:BancoDeCredito|BancoSolidario:BancoSolidario|BancoEconomico:BancoEconomico|BancoUnion:BancoUnion|BancoSantaCruz:BancoSantaCruz,0,True,8360.0,239.23,14952.15,1000.0,0.002,,False,s53d4e9e0d71f387eabbb3603b1fe90bf,0,0.0,0.98864,user,2,,,False,135119.0
1729740009,12613313581243645952,mass,BUY,,,0.0,0.0,0.0,8.2,0.0,400.0,400.0,0.0,130000.0,100.0,,0,,15.0,BancoSantaCruz:BancoSantaCruz|BancoDeCredito:BancoDeCredito|BANK:BANK,0,True,3280.0,12.19,15853.65,400.0,0.002,,False,s13d203adb25d3612b9f4c4153a68cc04,18,1.0,1.0,user,2,,,False,109963.0
1729740009,12604337270849953792,mass,BUY,,,0.0,0.0,0.0,8.0,0.0,5000.0,5000.0,0.0,35000.0,5000.0,,0,,15.0,BancoGanadero:BancoGanadero|BancoSantaCruz:BancoSantaCruz|BancoDeCredito:BancoDeCredito|BancoDeBolivia:BancoDeBolivia,0,True,35000.0,625.0,4375.0,4375.0,0.002,,False,s5954f76721dc3a6190c2e0963f51a52b,11,0.917,1.0,user,2,,,False,2579.0
1729740009,12636433359199686656,mass,BUY,,,0.0,0.0,0.0,8.0,0.0,100.0,100.0,0.0,130000.0,100.0,,0,,30.0,BancoDeCredito:BancoDeCredito|BancoSantaCruz:BancoSantaCruz|BANK:BANK,0,True,800.0,12.5,16250.0,100.0,0.002,,False,sb5ac7ac722283eeda35c6c8815e13745,1,1.0,1.0,user,2,,,False,135020.0
1729740009,12620235053010366464,mass,BUY,,,0.0,0.0,0.0,8.0,0.0,400.0,400.0,0.0,2000.0,55.0,,0,,15.0,BancoUnion:BancoUnion|BancoDeBolivia:BancoDeBolivia|BancoSantaCruz:BancoSantaCruz|BancoGanadero:BancoGanadero|BancoEconomico:BancoEconomico,0,True,2000.0,6.87,250.0,250.0,0.002,,False,sdb3ef1b744043704bb00403ff4323d5f,21,0.955,1.0,user,2,,,False,92494.0
1729740009,11535606751513321472,mass,BUY,,,0.0,0.0,0.0,7.9,0.0,299.02,299.02,0.0,2000.0,55.0,,0,,30.0,SoliPagos:SoliPagos,0,True,2000.0,6.96,253.16,253.16,0.002,,False,s964743eb71633b5ab9062925c3f164b3,2,1.0,0.9881,user,2,,,False,9969.0
1729740009,11517622770355826688,profession,BUY,,,0.0,0.0,0.0,7.88,0.0,5565.49,5565.49,0.0,47850.0,5000.0,,0,,15.0,BancoSantaCruz:BancoSantaCruz|BancoUnion:BancoUnion|BancoGanadero:BancoGanadero,0,True,43856.06,634.51,6072.33,5565.49,0.0016,,False,s993f7c676c3732f9951a4366dffd674d,49,0.98,0.99186,merchant,3,MASS_MERCHANT,Ordinary,False,3229.0
1729740009,12619303922786119680,mass,BUY,,,0.0,0.0,0.0,7.8,0.0,9987.7,9987.7,0.0,3000.0,55.0,,0,,30.0,BancoSantaCruz:BancoSantaCruz|BancoDeBolivia:BancoDeBolivia|BANK:BANK|BancoUnion:BancoUnion|BancoDeCredito:BancoDeCredito,0,True,3000.0,7.05,384.61,384.61,0.002,,False,s0ffc3574980531e39b0d2f79d770c0b1,10,1.0,1.0,user,2,,,False,212264.0
1729740009,12587149792127868928,mass,BUY,,,0.0,0.0,0.0,7.5,0.0,100.0,100.0,0.0,807.0,300.0,,0,,15.0,BancoGanadero:BancoGanadero|BANK:BANK|BancoDeCredito:BancoDeCredito,0,True,750.0,40.0,107.6,100.0,0.002,,False,s4ecb5b4350673ee7bde51f069b98e192,0,0.0,1.0,user,2,,,False,66922.0
1729740009,12591802514540273664,mass,BUY,,,0.0,0.0,0.0,7.5,0.0,4000.0,4000.0,0.0,130000.0,100.0,,0,,15.0,BancoSolidario:BancoSolidario|BancoSantaCruz:BancoSantaCruz|BancoDeCredito:BancoDeCredito|BancoDeBolivia:BancoDeBolivia|BancoEconomico:BancoEconomico,0,True,30000.0,13.33,17333.33,4000.0,0.002,,False,sf516233b2c023f79bc9dbe49b7fc4a1b,21,0.914,0.96274,user,2,,,False,182064.0
1729740009,12679663537258409984,mass,BUY,,,0.0,0.0,0.0,7.5,0.0,3980.71,3980.71,0.0,30000.0,55.0,,0,,15.0,BancoGanadero:BancoGanadero|BancoSantaCruz:BancoSantaCruz|BancoDeBolivia:BancoDeBolivia|BancoSolidario:BancoSolidario|BancoUnion:BancoUnion,0,True,29855.32,7.33,4000.0,3980.71,0.002,,False,sca9154cab251381b857ee8db2f90b209,7,1.0,1.0,user,2,,,False,17000.0
1729740009,12586019605576146944,mass,BUY,,,0.0,0.0,0.0,7.4,0.0,500.0,500.0,0.0,3750.0,700.0,,0,,30.0,BancoSantaCruz:BancoSantaCruz|BANK:BANK|BancoUnion:BancoUnion,0,True,3700.0,94.59,506.75,500.0,0.002,,False,sccaff57569693eb4872c06f63c7362c6,0,0.0,1.0,user,2,,,False,98992.0
1729740009,12564416740907560960,mass,BUY,,,0.0,0.0,0.0,7.37,0.0,1300.0,1300.0,0.0,9000.0,1000.0,,0,,30.0,BANK:BANK|TigoMoney:TigoMoney,0,True,9000.0,135.68,1221.16,1221.16,0.002,,False,s33d1cdae2e0f3e6fb5916a7a9684b2d5,43,0.827,0.99038,user,2,,,False,39974.0
1729740009,12595313779108233216,mass,BUY,,,0.0,0.0,0.0,7.2,0.0,3000.0,3000.0,0.0,22777.0,100.0,,0,,15.0,BancoGanadero:BancoGanadero|BancoUnion:BancoUnion,0,True,21600.0,13.88,3163.47,3000.0,0.002,,False,s98894996898336abb582f200f01a3f51,9,0.75,1.0,user,2,,,False,1510863.0
1729740009,12578401212536258560,mass,BUY,,,0.0,0.0,0.0,7.15,0.0,7015.0,7015.0,0.0,130000.0,100.0,,0,,15.0,BancoDeCredito:BancoDeCredito|BANK:BANK|BancoGanadero:BancoGanadero,0,True,50157.25,13.98,18181.81,7015.0,0.002,,False,s5484338c135632ecbba6b653015a96c8,0,0.0,1.0,user,2,,,False,
1729740009,12643771466219610112,mass,BUY,,,0.0,0.0,0.0,7.1,0.0,4230.0,4230.0,0.0,10000.0,1000.0,,0,,30.0,BancoUnion:BancoUnion,0,True,10000.0,140.84,1408.45,1408.45,0.002,,False,s7947cd763d333fcab25eb62f25f7e408,4,1.0,1.0,user,2,,,False,140010.0
1729740009,12641686199024812032,profession,BUY,,,0.0,0.0,0.0,7.07,0.0,15000.0,15000.0,0.0,207585.0,35.0,,0,,15.0,BancoDeBolivia:BancoDeBolivia|BancoSantaCruz:BancoSantaCruz|BancoEconomico:BancoEconomico|BANK:BANK|BancoUnion:BancoUnion,0,True,106050.0,4.95,29361.38,15000.0,0.0016,,False,s6ee41e574a1131bb9512bb6bc2be5a4a,279,0.983,0.98615,merchant,3,MASS_MERCHANT,Ordinary,False,46.0
1729740009,11471022837097508864,mass,BUY,,,0.0,0.0,0.0,7.0,0.0,450.0,450.0,0.0,10000.0,300.0,,0,,30.0,BancoDeBolivia:BancoDeBolivia|BancoGanadero:BancoGanadero,0,True,3150.0,42.85,1428.57,450.0,0.001,,False,sb2515db9de2c3cbfb4d3cc0c0eb73762,0,0.0,1.0,user,2,,,False,1329455.0
1729740009,11474601813460336640,mass,BUY,,,0.0,0.0,0.0,7.0,0.0,719.76,719.76,0.0,5600.0,150.0,,0,,30.0,BancoGanadero:BancoGanadero|BancoDeCredito:BancoDeCredito|BancoSantaCruz:BancoSantaCruz,0,True,5038.32,21.42,800.0,719.76,0.001,,False,s899e121e710835d6b700f8ccc3ab897a,13,1.0,1.0,user,2,,,False,187008.0
1729740009,11482290956088958976,mass,BUY,,,0.0,0.0,0.0,7.0,0.0,100.0,100.0,0.0,280.0,279.0,,0,,15.0,BancoDeCredito:BancoDeCredito,0,True,280.0,39.85,40.0,40.0,0.001,,False,s3417809f1e9739c09f9ae4090098c8f0,0,0.0,1.0,user,2,,,False,115631.0
1729740009,11530942610247479296,mass,BUY,,,0.0,0.0,0.0,7.0,0.0,9285.72,9285.72,0.0,5000.0,100.0,,0,,45.0,BancoUnion:BancoUnion|BancoSantaCruz:BancoSantaCruz|BancoGanadero:BancoGanadero|BancoDeBolivia:BancoDeBolivia|BancoEconomico:BancoEconomico,0,True,5000.0,14.28,714.28,714.28,0.002,,False,s3271e657cecc34c694b19c1c9044fc23,0,0.0,1.0,user,2,,,False,
1729740009,12654902298591784960,mass,BUY,,,0.0,0.0,0.0,7.0,0.0,100.0,100.0,0.0,700.0,100.0,,0,,15.0,BancoDeBolivia:BancoDeBolivia|BancoEconomico:BancoEconomico|BANK:BANK|SoliPagos:SoliPagos,0,True,700.0,14.28,100.0,100.0,0.002,,False,s97c3ddcccb1b3dba9697cccefc494bc6,3,1.0,1.0,user,2,,,False,1136798.0
1729740009,12666134764822577152,mass,BUY,,,0.0,0.0,0.0,7.0,0.0,100.0,100.0,0.0,700.0,100.0,,0,,15.0,BancoGanadero:BancoGanadero|BANK:BANK,0,True,700.0,14.28,100.0,100.0,0.002,,False,s2b7d285bef80323bb7ffa8e46f7f473e,2,1.0,1.0,user,2,,,False,42706.0
1729740009,12682392904319401984,mass,BUY,,,0.0,0.0,0.0,6.98,0.0,3000.0,3000.0,0.0,20900.0,3000.0,,0,,15.0,BANK:BANK,0,True,20900.0,429.79,2994.26,2994.26,0.002,,False,s0f381032c2ae3bfca0cc5567b7f85a4f,2,1.0,1.0,user,2,,,False,50291.0
1729740009,12655968799491117056,mass,BUY,,,0.0,0.0,0.0,6.94,0.0,141.0,141.0,0.0,979.0,100.0,,0,,15.0,BANK:BANK|BancoUnion:BancoUnion,0,True,978.54,14.4,141.06,141.0,0.002,,False,sfaa449a0d9423434a03e94ea62ec20e5,16,0.889,1.0,user,2,,,False,19530.0
1729740009,12679920150241660928,mass,BUY,,,0.0,0.0,0.0,6.93,0.0,220.0,220.0,0.0,130000.0,100.0,,0,,15.0,BancoGanadero:BancoGanadero,0,True,1524.6,14.43,18759.01,220.0,0.002,,False,s30691f8290d03757af8354d55462beaa,15,1.0,1.0,user,2,,,False,40378.0
1729740009,12656358365482364928,mass,BUY,,,0.0,0.0,0.0,6.91,0.0,20000.0,20000.0,0.0,130000.0,100.0,,0,,15.0,BancoSantaCruz:BancoSantaCruz,0,True,130000.0,14.47,18813.31,18813.31,0.002,,False,sd01d9cebecb339128df4b3539fc6e776,1,1.0,1.0,user,2,,,False,59808.0
1729740009,12657150452628180992,mass,BUY,,,0.0,0.0,0.0,6.9,0.0,190.0,190.0,0.0,130000.0,100.0,,0,,15.0,BANK:BANK|BancoSolidario:BancoSolidario|BancoSantaCruz:BancoSantaCruz,0,True,1311.0,14.49,18840.57,190.0,0.002,,False,s1a119005898936e4a38394ba32900b90,9,1.0,1.0,user,2,,,False,467444.0
1729740009,11470102002332057600,mass,BUY,,,0.0,0.0,0.0,6.89,0.0,200.0,200.0,0.0,50000.0,1000.0,,0,,15.0,BancoDeBolivia:BancoDeBolivia|BancoFassil:BancoFassil,0,True,1378.0,145.13,7256.89,200.0,0.001,,False,sdcfca1633c403397a44e81976850b7e4,0,0.0,0.67105,user,2,,,False,
1729740009,12679392060483579904,mass,BUY,,,0.0,0.0,0.0,6.89,0.0,100.0,100.0,0.0,1000.0,55.0,,0,,15.0,BancoSantaCruz:BancoSantaCruz|BancoSolidario:BancoSolidario|BancoUnion:BancoUnion|BancoGanadero:BancoGanadero|BancoEconomico:BancoEconomico,0,True,689.0,7.98,145.13,100.0,0.002,,False,sda0e1a41c466303da7df830dbc5173d7,20,0.715,1.0,user,2,,,False,6199.0
1729740009,11459989973163233280,mass,BUY,,,0.0,0.0,0.0,6.86,0.0,498.53,498.53,0.0,2500.0,800.0,,0,,15.0,BancoGanadero:BancoGanadero,0,True,2500.0,116.61,364.43,364.43,0.002,,False,s05481bb8357d34829ce66ef5327074e3,2,1.0,1.0,user,2,,,False,131248.0
1729740009,12642516698236932096,mass,BUY,,,0.0,0.0,0.0,6.8,0.0,700.0,700.0,0.0,1100.0,1000.0,,0,,15.0,BancoSantaCruz:BancoSantaCruz|BancoSolidario:BancoSolidario|BancoUnion:BancoUnion|BancoDeCredito:BancoDeCredito|BancoEconomico:BancoEconomico,0,True,1100.0,147.05,161.76,161.76,0.002,,False,s2448f0673b9e3bafaa2111854d73a99d,0,0.0,1.0,user,2,,,False,37234.0
1729740009,11457354446949240832,profession,BUY,,,0.0,0.0,0.0,6.78,0.0,1399.13,1399.13,0.0,2000.0,500.0,,0,,45.0,BancoFassil:BancoFassil|BancoDeCredito:BancoDeCredito|BancoDeBolivia:BancoDeBolivia|BancoSolidario:BancoSolidario|BancoEconomico:BancoEconomico,0,True,2000.0,73.74,294.98,294.98,0.0008,,False,sf516233b2c023f79bc9dbe49b7fc4a1b,21,0.914,0.96274,user,2,,,False,182066.0
1729740009,11413573816740282368,mass,BUY,,,0.0,0.0,0.0,6.5,0.0,100.0,100.0,0.0,155.0,150.0,,0,,15.0,SoliPagos:SoliPagos,0,True,155.0,23.07,23.84,23.84,0.001,,False,s2908ab4e07fd3a82b5b2d02093dea605,0,0.0,0.8,user,2,,,False,772220.0
